index,search_image_path,reference_image_path,predicted_x,predicted_y,predicted_rotation,predicted_scale,confidence_score,elapsed_s,GTx,GTy,loc_error
1,data/sample_000/search_image.png,data/sample_000/reference_image.png,446.7949,166.3409,1.4,5.0625,0.8732,0.3513,447.3452535947993,166.76434609148686,0.6944
2,data/sample_001/search_image.png,data/sample_001/reference_image.png,79.0954,271.9068,0.7071,4.9925,0.9328,0.3166,79.542030034846,272.20465619420776,0.5368
3,data/sample_002/search_image.png,data/sample_002/reference_image.png,406.8147,409.3234,-1.7095,5.15,0.8595,0.3164,407.1528338422278,409.4281530812808,0.354
4,data/sample_003/search_image.png,data/sample_003/reference_image.png,402.6783,176.6561,2.4571,5.075,0.7844,0.3165,402.7309837445376,176.94338351840133,0.2921
5,data/sample_004/search_image.png,data/sample_004/reference_image.png,243.8024,38.0604,-2.869,4.87,0.7856,0.3269,244.25909378776805,38.45982068266271,0.6067
6,data/sample_005/search_image.png,data/sample_005/reference_image.png,74.0421,259.124,2.3167,4.8575,0.9177,0.3234,74.45795828722355,259.56359836619583,0.6051
7,data/sample_006/search_image.png,data/sample_006/reference_image.png,201.9425,137.2776,0.1548,5.0575,0.8526,0.3322,202.24042776066472,137.41722491483694,0.329
8,data/sample_007/search_image.png,data/sample_007/reference_image.png,271.3776,442.4091,1.5714,5.0575,0.7951,0.3227,271.72682694400055,442.75812624108147,0.4937
9,data/sample_008/search_image.png,data/sample_008/reference_image.png,258.0201,185.9813,-0.7571,5.015,0.8571,0.3221,258.47531815540646,186.5722412673139,0.7459
10,data/sample_009/search_image.png,data/sample_009/reference_image.png,300.7806,55.0556,1.6619,4.9925,0.9002,0.3191,301.0678122761171,55.282543951296205,0.366
11,data/sample_010/search_image.png,data/sample_010/reference_image.png,253.7875,410.9209,-2.6667,5.085,0.8673,0.3204,254.04840345935796,411.3183199727722,0.4755
12,data/sample_011/search_image.png,data/sample_011/reference_image.png,211.9339,336.2583,-2.0833,5.08,0.8315,0.3156,212.1938117889419,336.749571823594,0.5557
13,data/sample_012/search_image.png,data/sample_012/reference_image.png,248.4047,464.3235,-0.9643,4.875,0.8964,0.3176,248.71926209647145,464.66685087031874,0.4657
14,data/sample_013/search_image.png,data/sample_013/reference_image.png,249.2388,151.5955,-2.8571,5.0225,0.8426,0.3175,249.57376736796178,151.91615834531967,0.4637
15,data/sample_014/search_image.png,data/sample_014/reference_image.png,55.4315,188.4422,-2.9762,4.86,0.8989,0.3198,55.79056561352591,188.79515996662266,0.5035
16,data/sample_015/search_image.png,data/sample_015/reference_image.png,223.4981,396.9297,1.9571,4.93,0.8367,0.3188,223.85794361213848,397.3122306658147,0.5252
17,data/sample_016/search_image.png,data/sample_016/reference_image.png,141.1423,303.3163,1.7738,4.9625,0.8276,0.3213,141.40398924817163,303.7781550289193,0.5308
18,data/sample_017/search_image.png,data/sample_017/reference_image.png,109.3313,318.5532,0.3929,5.0625,0.8412,0.371,109.65563981705,318.99481336746646,0.548
19,data/sample_018/search_image.png,data/sample_018/reference_image.png,384.6829,232.5154,-0.3333,5.0475,0.9092,0.3331,385.23303840093206,232.9184606663147,0.682
20,data/sample_019/search_image.png,data/sample_019/reference_image.png,62.4791,118.5192,0.25,4.83,0.9059,0.3332,62.84853542668937,118.88750453390307,0.5217
21,data/sample_020/search_image.png,data/sample_020/reference_image.png,92.4573,347.043,-0.0643,5.01,0.8492,0.3222,92.89812081355376,347.3227080452448,0.522
22,data/sample_021/search_image.png,data/sample_021/reference_image.png,448.1831,199.8551,-1.4238,5.105,0.7623,0.3243,448.9394786915277,200.3069750007483,0.8811
23,data/sample_022/search_image.png,data/sample_022/reference_image.png,433.9143,368.4305,1.5405,4.93,0.7668,0.317,434.2660403836127,368.79767110147725,0.5085
24,data/sample_023/search_image.png,data/sample_023/reference_image.png,280.2657,302.1774,-1.5905,5.0225,0.8613,0.3231,280.6804757806749,302.60272746246164,0.5941
25,data/sample_024/search_image.png,data/sample_024/reference_image.png,149.1909,120.0777,-2.4167,4.9475,0.8593,0.3178,149.55381669255348,120.49980700944165,0.5567
26,data/sample_025/search_image.png,data/sample_025/reference_image.png,70.1024,34.4694,2.3214,4.8725,0.8176,0.3284,70.47415931237815,34.805596475976884,0.5013
27,data/sample_026/search_image.png,data/sample_026/reference_image.png,130.5989,477.4005,-2.3333,5.0775,0.9014,0.3258,131.01394758299404,477.6977654803028,0.5105
28,data/sample_027/search_image.png,data/sample_027/reference_image.png,255.9509,207.9813,1.0833,5.105,0.8622,0.3174,256.29639098699465,208.4549409701145,0.5863
29,data/sample_028/search_image.png,data/sample_028/reference_image.png,325.3617,419.8318,-0.75,4.9025,0.8631,0.3431,325.8294575017279,420.1603844397732,0.5716
30,data/sample_029/search_image.png,data/sample_029/reference_image.png,276.5414,483.5123,1.2929,5.005,0.8086,0.3357,277.11911495347096,483.859573863534,0.6741
31,data/sample_030/search_image.png,data/sample_030/reference_image.png,142.0356,209.9501,-1.0405,5.1125,0.8645,0.3243,142.36400030475517,210.27276869889425,0.4604
32,data/sample_031/search_image.png,data/sample_031/reference_image.png,189.5029,362.3407,0.5286,5.015,0.8175,0.3305,189.94743229600644,362.73364849232223,0.5933
33,data/sample_032/search_image.png,data/sample_032/reference_image.png,242.4189,348.6116,1.1476,4.975,0.8598,0.3224,242.5800601544097,349.0947731582066,0.5093
34,data/sample_033/search_image.png,data/sample_033/reference_image.png,218.6299,280.189,0.9762,4.9,0.8617,0.3264,219.00881388552926,280.6609215963486,0.6052
35,data/sample_034/search_image.png,data/sample_034/reference_image.png,396.3453,477.503,0.0595,4.905,0.8829,0.4522,396.652737618898,477.8004857181853,0.4278
36,data/sample_035/search_image.png,data/sample_035/reference_image.png,106.929,200.355,0.3143,5.1275,0.7817,0.3515,107.40680627517254,200.83617794064094,0.6781
37,data/sample_036/search_image.png,data/sample_036/reference_image.png,159.8303,156.8917,1.6786,4.875,0.8401,0.3176,160.29167929802267,157.37350245444236,0.6671
38,data/sample_037/search_image.png,data/sample_037/reference_image.png,458.2957,128.5573,0.9333,5.0175,0.8946,0.3209,458.53427416588113,128.91145650516498,0.427
39,data/sample_038/search_image.png,data/sample_038/reference_image.png,299.0122,292.8187,-2.5595,5.0825,0.8586,0.3156,299.3865754893505,293.1023052593721,0.4697
40,data/sample_039/search_image.png,data/sample_039/reference_image.png,175.3097,231.9795,-0.3571,5.0875,0.8479,0.3164,175.83147304529365,232.38496475052625,0.6608
41,data/robustness_samples/sample_000/search_image.png,data/robustness_samples/sample_000/reference_image.png,280.5747,364.7016,-0.6905,4.865,0.8913,0.3229,281.03703818413044,365.25790460223993,0.7233
42,data/robustness_samples/sample_001/search_image.png,data/robustness_samples/sample_001/reference_image.png,324.0061,53.9869,-0.0881,5.055,0.8144,0.3174,324.39219649641245,54.23492193078871,0.4589
43,data/robustness_samples/sample_002/search_image.png,data/robustness_samples/sample_002/reference_image.png,237.8409,233.1196,0.619,5.165,0.9194,0.3151,238.34281008752322,233.62540105344027,0.7125
44,data/robustness_samples/sample_003/search_image.png,data/robustness_samples/sample_003/reference_image.png,355.4749,204.2602,2.2548,5.0925,0.8639,0.3163,355.9121039275242,204.6718387630769,0.6005
45,data/robustness_samples/sample_004/search_image.png,data/robustness_samples/sample_004/reference_image.png,340.6814,408.0684,-2.0952,4.9625,0.8842,0.3187,340.97238813600546,408.476843781146,0.5015
46,data/robustness_samples/sample_005/search_image.png,data/robustness_samples/sample_005/reference_image.png,459.9575,267.1878,1.2857,4.9775,0.8892,0.3213,460.3151873827995,267.65872733599934,0.5913
47,data/robustness_samples/sample_006/search_image.png,data/robustness_samples/sample_006/reference_image.png,105.0844,43.7952,2.5405,5.095,0.7631,0.3157,224.99784563091006,45.40366839223352,119.9243
48,data/robustness_samples/sample_007/search_image.png,data/robustness_samples/sample_007/reference_image.png,27.0223,219.8846,1.3857,5.0875,0.8473,0.3159,27.415384378092586,220.1624954014284,0.4814
49,data/robustness_samples/sample_008/search_image.png,data/robustness_samples/sample_008/reference_image.png,29.431,242.5664,-2.1952,4.935,0.8807,0.3175,29.858343873872037,242.928535899575,0.5602
50,data/robustness_samples/sample_009/search_image.png,data/robustness_samples/sample_009/reference_image.png,430.6587,75.8929,2.5238,4.975,0.8933,0.3291,431.11832355628724,76.34975771156724,0.6481
51,data/robustness_samples/sample_010/search_image.png,data/robustness_samples/sample_010/reference_image.png,53.6833,81.3936,2.8155,4.96,0.8269,0.3206,54.16580317764931,81.75914965560105,0.6053
52,data/robustness_samples/sample_011/search_image.png,data/robustness_samples/sample_011/reference_image.png,320.2534,102.8548,-0.85,5.12,0.8755,0.3167,320.7831322333175,102.93056989037689,0.5352
53,data/robustness_samples/sample_012/search_image.png,data/robustness_samples/sample_012/reference_image.png,430.0519,136.0621,2.2095,5.0,0.8706,0.3249,430.690814263179,136.50673272116848,0.7783
54,data/robustness_samples/sample_013/search_image.png,data/robustness_samples/sample_013/reference_image.png,211.5336,146.0737,-1.7286,4.9425,0.8402,0.3224,212.03518178915246,146.48481271328728,0.6486
55,data/robustness_samples/sample_014/search_image.png,data/robustness_samples/sample_014/reference_image.png,300.8799,236.1084,-1.6548,4.9325,0.7987,0.3172,301.2190785944361,236.4141904932325,0.4567
56,data/robustness_samples/sample_015/search_image.png,data/robustness_samples/sample_015/reference_image.png,410.8695,414.9998,2.4286,4.8575,0.8618,0.3208,411.2847471711813,415.50674127917426,0.6553
57,data/robustness_samples/sample_016/search_image.png,data/robustness_samples/sample_016/reference_image.png,422.7415,139.1921,1.2738,5.06,0.816,0.3179,422.9935044040302,139.62406570124534,0.5001
58,data/robustness_samples/sample_017/search_image.png,data/robustness_samples/sample_017/reference_image.png,214.2226,45.0845,-1.0476,4.8575,0.8599,0.3176,214.58370824441803,45.356503922956925,0.4521
59,data/robustness_samples/sample_018/search_image.png,data/robustness_samples/sample_018/reference_image.png,120.7702,344.1903,-1.1071,4.9325,0.8816,0.3216,121.0623470362711,344.55482515161236,0.4671
60,data/robustness_samples/sample_019/search_image.png,data/robustness_samples/sample_019/reference_image.png,403.1007,347.2111,-2.5286,5.115,0.8387,0.3169,403.0907052494533,347.68200207143065,0.471
61,data/robustness_samples/sample_020/search_image.png,data/robustness_samples/sample_020/reference_image.png,418.9449,379.6066,-1.8762,4.9625,0.8891,0.3185,419.2773752430039,379.7737682480156,0.3721
62,data/robustness_samples/sample_021/search_image.png,data/robustness_samples/sample_021/reference_image.png,199.852,273.8548,-2.0833,5.0275,0.843,0.3205,200.1877667610194,274.3554774981083,0.6028
63,data/robustness_samples/sample_022/search_image.png,data/robustness_samples/sample_022/reference_image.png,28.3425,287.3584,2.3333,5.0475,0.8898,0.3166,28.65764267202085,287.8086709266698,0.5496
64,data/robustness_samples/sample_023/search_image.png,data/robustness_samples/sample_023/reference_image.png,127.6751,473.1323,-0.3571,5.0625,0.8871,0.3179,127.9266654817321,473.60332639833996,0.534
65,data/robustness_samples/sample_024/search_image.png,data/robustness_samples/sample_024/reference_image.png,188.7344,451.6514,-1.9333,4.8712,0.7519,0.3213,189.11929881931906,451.9893978161159,0.5122
66,data/robustness_samples/sample_025/search_image.png,data/robustness_samples/sample_025/reference_image.png,231.8397,90.7032,1.4167,5.125,0.9083,0.3175,232.21063467417656,90.89996016801925,0.4199
67,data/robustness_samples/sample_026/search_image.png,data/robustness_samples/sample_026/reference_image.png,299.5192,414.3978,-2.9167,5.0025,0.8773,0.3183,300.0530722345877,414.5535940538481,0.5561
68,data/robustness_samples/sample_027/search_image.png,data/robustness_samples/sample_027/reference_image.png,26.8271,46.9684,2.8333,4.8725,0.8826,0.3247,27.18714020669654,47.25982261254576,0.4632
69,data/robustness_samples/sample_028/search_image.png,data/robustness_samples/sample_028/reference_image.png,56.455,385.7564,2.1976,5.005,0.8614,0.318,56.916889790677125,386.15744156158735,0.6117
70,data/robustness_samples/sample_029/search_image.png,data/robustness_samples/sample_029/reference_image.png,290.5898,159.6139,-0.5714,4.955,0.8883,0.3181,291.1268562945454,160.11304709145827,0.7332
71,data/robustness_samples/sample_030/search_image.png,data/robustness_samples/sample_030/reference_image.png,168.3983,260.0402,-1.0357,5.0775,0.8148,0.3185,168.8513738686366,260.2494028428843,0.4991
72,data/robustness_samples/sample_031/search_image.png,data/robustness_samples/sample_031/reference_image.png,312.7209,227.5538,-0.0667,5.1375,0.859,0.3196,312.9741907019591,228.0357850534286,0.5445
73,data/robustness_samples/sample_032/search_image.png,data/robustness_samples/sample_032/reference_image.png,83.1811,108.1308,2.5643,5.15,0.878,0.3205,83.64028835937674,108.64401840944114,0.6887
74,data/robustness_samples/sample_033/search_image.png,data/robustness_samples/sample_033/reference_image.png,376.8561,479.9994,-2.0667,5.1175,0.8844,0.3209,377.2098359096545,480.47665188880836,0.5941
75,data/robustness_samples/sample_034/search_image.png,data/robustness_samples/sample_034/reference_image.png,314.0896,46.7926,-0.7,5.0275,0.8744,0.3235,314.5010497112104,47.103969649596365,0.516
76,data/robustness_samples/sample_035/search_image.png,data/robustness_samples/sample_035/reference_image.png,250.437,474.3244,-1.5667,4.915,0.817,0.3431,250.9271354188374,474.74812343446064,0.6479
77,data/robustness_samples/sample_036/search_image.png,data/robustness_samples/sample_036/reference_image.png,446.5471,103.5831,-2.8333,5.015,0.8667,0.3492,447.06936575021757,103.98683307138681,0.6601
78,data/robustness_samples/sample_037/search_image.png,data/robustness_samples/sample_037/reference_image.png,368.3535,430.3467,-0.1429,5.0175,0.8358,0.3257,368.7038771296529,430.6678993069854,0.4753
79,data/robustness_samples/sample_038/search_image.png,data/robustness_samples/sample_038/reference_image.png,352.0569,349.7419,0.0,5.0575,0.8616,0.3206,352.3121539976259,350.03188066019936,0.3863
80,data/robustness_samples/sample_039/search_image.png,data/robustness_samples/sample_039/reference_image.png,358.0307,355.1666,-0.8571,4.9425,0.9009,0.3198,358.45814352892313,355.57302788324176,0.5898
81,data/robustness_samples/sample_040/search_image.png,data/robustness_samples/sample_040/reference_image.png,74.6823,150.6844,-1.25,4.905,0.8691,0.3221,75.10627357268659,151.0925883365075,0.5886
82,data/robustness_samples/sample_041/search_image.png,data/robustness_samples/sample_041/reference_image.png,380.5642,174.6471,1.2024,4.905,0.8702,0.3212,380.9890459978211,174.76033008507915,0.4397
83,data/robustness_samples/sample_042/search_image.png,data/robustness_samples/sample_042/reference_image.png,388.4719,247.1887,0.1262,5.03,0.866,0.3173,388.8631194168573,247.39597788797784,0.4428
84,data/robustness_samples/sample_043/search_image.png,data/robustness_samples/sample_043/reference_image.png,79.4517,113.6871,2.0,5.1075,0.8807,0.3208,79.9199369352502,114.23233555079787,0.7187
85,data/robustness_samples/sample_044/search_image.png,data/robustness_samples/sample_044/reference_image.png,314.8956,221.8114,0.4833,5.045,0.8539,0.3166,315.26038615370436,222.09239216520868,0.4604
86,data/robustness_samples/sample_045/search_image.png,data/robustness_samples/sample_045/reference_image.png,62.2229,390.162,-2.4762,4.9025,0.8517,0.3177,62.603179157195925,390.6884441097426,0.6495
87,data/robustness_samples/sample_046/search_image.png,data/robustness_samples/sample_046/reference_image.png,150.1551,189.9951,0.9048,5.1288,0.8372,0.3173,150.65514892849797,190.5013538956252,0.7116
88,data/robustness_samples/sample_047/search_image.png,data/robustness_samples/sample_047/reference_image.png,351.7248,395.529,0.919,4.9625,0.8741,0.3204,352.5040103268122,395.8881577681865,0.858
89,data/robustness_samples/sample_048/search_image.png,data/robustness_samples/sample_048/reference_image.png,250.8031,267.2766,2.7083,5.0025,0.8806,0.3167,251.36497252884797,267.7527378709591,0.7365
90,data/robustness_samples/sample_049/search_image.png,data/robustness_samples/sample_049/reference_image.png,85.1923,103.1068,1.8976,4.9775,0.8924,0.3179,85.3880441051659,103.30186763474399,0.2764
91,data/robustness_samples/sample_050/search_image.png,data/robustness_samples/sample_050/reference_image.png,105.1491,163.4093,-0.6905,4.9675,0.8745,0.3162,105.40785692789704,163.8692377770604,0.5277
92,data/robustness_samples/sample_051/search_image.png,data/robustness_samples/sample_051/reference_image.png,86.7611,120.9543,0.0238,4.9475,0.8591,0.3244,87.46162960714165,121.27859505751863,0.7719
93,data/robustness_samples/sample_052/search_image.png,data/robustness_samples/sample_052/reference_image.png,336.6825,292.8511,-0.9524,5.0075,0.8845,0.3223,337.30374733249187,293.2845751806161,0.7576
94,data/robustness_samples/sample_053/search_image.png,data/robustness_samples/sample_053/reference_image.png,226.1206,89.8214,1.3262,4.925,0.8382,0.3189,226.49164008817883,90.1725596651033,0.5109
95,data/robustness_samples/sample_054/search_image.png,data/robustness_samples/sample_054/reference_image.png,207.8177,334.1984,-0.0738,5.03,0.8099,0.3165,208.38800022731394,334.48649821745244,0.639
96,data/robustness_samples/sample_055/search_image.png,data/robustness_samples/sample_055/reference_image.png,159.0444,474.2442,2.5524,4.865,0.8182,0.3308,159.29364042017966,474.54969366050346,0.3942
97,data/robustness_samples/sample_056/search_image.png,data/robustness_samples/sample_056/reference_image.png,379.1271,389.9195,2.5,5.1163,0.8865,0.3259,379.68999460793617,390.2746449078807,0.6656
98,data/robustness_samples/sample_057/search_image.png,data/robustness_samples/sample_057/reference_image.png,317.9618,144.9464,0.1,5.045,0.776,0.32,318.3588313077895,145.37380997357377,0.5834
99,data/robustness_samples/sample_058/search_image.png,data/robustness_samples/sample_058/reference_image.png,54.913,379.7305,2.2857,5.1163,0.8844,0.3174,55.325352084525704,380.05731535236805,0.5262
100,data/robustness_samples/sample_059/search_image.png,data/robustness_samples/sample_059/reference_image.png,89.3882,319.5206,1.3095,5.01,0.9035,0.3222,89.72571822955622,319.93737051416485,0.5363
101,data/robustness_samples/sample_060/search_image.png,data/robustness_samples/sample_060/reference_image.png,332.382,370.5666,-0.9405,5.0325,0.8545,0.3156,332.6475828199968,370.9791735599555,0.4907
102,data/robustness_samples/sample_061/search_image.png,data/robustness_samples/sample_061/reference_image.png,427.1804,436.1549,-1.2333,4.9175,0.8837,0.3236,427.5840196684061,436.7091629895129,0.6856
103,data/robustness_samples/sample_062/search_image.png,data/robustness_samples/sample_062/reference_image.png,402.8816,80.1474,2.8571,5.015,0.7898,0.3182,403.2706130504647,80.5970285221093,0.5946
104,data/robustness_samples/sample_063/search_image.png,data/robustness_samples/sample_063/reference_image.png,379.5498,142.4644,-3.15,4.925,0.8317,0.3232,379.6766506466654,142.61896982461857,0.1999
105,data/robustness_samples/sample_064/search_image.png,data/robustness_samples/sample_064/reference_image.png,54.1007,448.0734,-1.8214,5.0425,0.7919,0.3186,54.60017613325522,448.34839431554764,0.5702
106,data/robustness_samples/sample_065/search_image.png,data/robustness_samples/sample_065/reference_image.png,390.4718,472.4341,2.6321,4.93,0.8643,0.3169,391.0381214772126,472.93826588521034,0.7583
107,data/robustness_samples/sample_066/search_image.png,data/robustness_samples/sample_066/reference_image.png,42.396,330.2379,-1.8,5.1375,0.8677,0.3179,42.75117464659975,330.71241964910024,0.5928
108,data/robustness_samples/sample_067/search_image.png,data/robustness_samples/sample_067/reference_image.png,123.9883,436.3789,-0.6548,4.8875,0.9135,0.3234,124.37314779877697,436.8722567730465,0.6257
109,data/robustness_samples/sample_068/search_image.png,data/robustness_samples/sample_068/reference_image.png,241.7827,61.9973,0.981,5.075,0.9117,0.3202,242.08357557746461,62.346336044878264,0.4608
110,data/robustness_samples/sample_069/search_image.png,data/robustness_samples/sample_069/reference_image.png,273.9891,249.6915,1.6667,4.95,0.8591,0.3176,274.3654418600724,250.05993108940766,0.5266
111,data/robustness_samples/sample_070/search_image.png,data/robustness_samples/sample_070/reference_image.png,378.7991,236.1512,-2.0238,5.1075,0.8859,0.3159,379.11692249282095,236.6596752055657,0.5996
112,data/robustness_samples/sample_071/search_image.png,data/robustness_samples/sample_071/reference_image.png,132.6685,418.8524,-2.1833,4.9575,0.8769,0.3243,133.1620068251181,419.19715551946547,0.6021
113,data/robustness_samples/sample_072/search_image.png,data/robustness_samples/sample_072/reference_image.png,107.0229,320.5984,2.3857,4.9925,0.8364,0.3218,107.36257694739868,320.93860318922987,0.4807
114,data/robustness_samples/sample_073/search_image.png,data/robustness_samples/sample_073/reference_image.png,230.8522,323.0572,-0.4214,5.145,0.8652,0.3191,231.16128206571597,323.29687888604184,0.3911
115,data/robustness_samples/sample_074/search_image.png,data/robustness_samples/sample_074/reference_image.png,279.1694,476.1162,-0.3976,4.9925,0.8892,0.3239,279.3793072385392,476.46684692591,0.4086
116,data/robustness_samples/sample_075/search_image.png,data/robustness_samples/sample_075/reference_image.png,420.3022,313.3865,-1.2833,5.0,0.8027,0.3209,420.9165866048925,313.842783174087,0.7653
117,data/robustness_samples/sample_076/search_image.png,data/robustness_samples/sample_076/reference_image.png,274.5519,65.1065,2.5762,5.1375,0.8683,0.3249,274.986335594214,65.51127474635845,0.5938
118,data/robustness_samples/sample_077/search_image.png,data/robustness_samples/sample_077/reference_image.png,232.0553,245.1567,0.3095,4.8725,0.8457,0.3219,232.45986763425375,245.57868742242164,0.5846
119,data/robustness_samples/sample_078/search_image.png,data/robustness_samples/sample_078/reference_image.png,142.4936,34.349,-2.7024,4.985,0.8587,0.317,142.8213907620749,34.56463792945201,0.3924
120,data/robustness_samples/sample_079/search_image.png,data/robustness_samples/sample_079/reference_image.png,252.5768,372.8191,-2.4,4.93,0.8404,0.3195,253.02050053525258,373.38596500268784,0.7199
121,data/robustness_samples/sample_080/search_image.png,data/robustness_samples/sample_080/reference_image.png,349.6125,345.8059,2.5417,4.975,0.8469,0.3191,349.8383110142891,346.2062188133924,0.4596
122,data/robustness_samples/sample_081/search_image.png,data/robustness_samples/sample_081/reference_image.png,101.2582,81.6245,0.381,4.8688,0.8157,0.3359,101.51045055940158,82.15423009314497,0.5867
123,data/robustness_samples/sample_082/search_image.png,data/robustness_samples/sample_082/reference_image.png,135.7265,239.5673,2.8333,5.005,0.8881,0.33,136.19428751684512,239.97860763072563,0.6229
124,data/robustness_samples/sample_083/search_image.png,data/robustness_samples/sample_083/reference_image.png,472.3343,246.3036,-1.1262,4.9775,0.8756,0.3354,472.6937769041497,246.90106305522167,0.6973
125,data/robustness_samples/sample_084/search_image.png,data/robustness_samples/sample_084/reference_image.png,34.0178,444.9825,-1.131,4.9025,0.8081,0.3839,34.53257685421022,445.39626925052573,0.6605
126,data/robustness_samples/sample_085/search_image.png,data/robustness_samples/sample_085/reference_image.png,325.7752,77.14,-1.5238,5.2038,0.7686,0.3237,326.332837314956,77.38526943244497,0.6092
127,data/robustness_samples/sample_086/search_image.png,data/robustness_samples/sample_086/reference_image.png,346.9423,184.0658,2.869,5.075,0.8921,0.3171,347.3796859897403,184.43248162028218,0.5707
128,data/robustness_samples/sample_087/search_image.png,data/robustness_samples/sample_087/reference_image.png,368.8954,219.619,1.7024,4.9775,0.8483,0.3202,369.1502803060533,219.9381419443508,0.4084
129,data/robustness_samples/sample_088/search_image.png,data/robustness_samples/sample_088/reference_image.png,215.1972,415.158,-2.5476,5.135,0.8748,0.3207,215.61534475165632,415.76475539087977,0.7369
130,data/robustness_samples/sample_089/search_image.png,data/robustness_samples/sample_089/reference_image.png,70.193,132.7807,-0.8095,4.8725,0.9112,0.3218,70.60645354452431,133.15082291129994,0.5549
131,data/robustness_samples/sample_090/search_image.png,data/robustness_samples/sample_090/reference_image.png,409.0126,474.8531,1.9571,4.9075,0.9033,0.3164,409.46056043259006,475.36156905665774,0.6776
132,data/robustness_samples/sample_091/search_image.png,data/robustness_samples/sample_091/reference_image.png,379.7394,136.04,-0.3333,4.9775,0.8922,0.3167,380.0214680061734,136.43765880611005,0.4876
133,data/robustness_samples/sample_092/search_image.png,data/robustness_samples/sample_092/reference_image.png,440.6204,48.6579,0.0119,4.8838,0.658,0.3194,476.7678447535768,121.42228469335437,81.2483
134,data/robustness_samples/sample_093/search_image.png,data/robustness_samples/sample_093/reference_image.png,131.7963,326.9489,-1.8167,5.005,0.7761,0.3154,132.04657448397302,327.38083266295473,0.4992
135,data/robustness_samples/sample_094/search_image.png,data/robustness_samples/sample_094/reference_image.png,447.7369,124.3545,2.0167,5.0325,0.8873,0.3188,448.1878334609957,124.6705091956334,0.5506
136,data/robustness_samples/sample_095/search_image.png,data/robustness_samples/sample_095/reference_image.png,235.9796,71.65,1.7524,5.0988,0.727,0.3187,236.42600947437342,72.0421610861284,0.5942
137,data/robustness_samples/sample_096/search_image.png,data/robustness_samples/sample_096/reference_image.png,370.8243,351.1345,2.4167,4.9625,0.8188,0.3179,371.17825824375143,351.4553300550927,0.4777
138,data/robustness_samples/sample_097/search_image.png,data/robustness_samples/sample_097/reference_image.png,73.3201,184.1975,-2.0905,4.875,0.8681,0.3227,73.87321823948518,184.70347892496187,0.7496
139,data/robustness_samples/sample_098/search_image.png,data/robustness_samples/sample_098/reference_image.png,76.2301,241.1718,0.1071,5.09,0.9091,0.3163,76.6262943256691,241.60529233837468,0.5873
140,data/robustness_samples/sample_099/search_image.png,data/robustness_samples/sample_099/reference_image.png,379.6978,89.3548,-2.8929,4.945,0.8582,0.3237,380.25523170304075,89.66699565235004,0.6389
141,data/robustness_samples/sample_100/search_image.png,data/robustness_samples/sample_100/reference_image.png,419.6997,219.7862,2.3548,4.96,0.8076,0.3187,420.1055938884475,220.09516174040846,0.5101
142,data/robustness_samples/sample_101/search_image.png,data/robustness_samples/sample_101/reference_image.png,401.6258,103.3381,0.2095,5.0925,0.8418,0.3164,401.9988030360448,103.75089289305633,0.5564
143,data/robustness_samples/sample_102/search_image.png,data/robustness_samples/sample_102/reference_image.png,274.2162,47.7884,-1.531,5.105,0.8608,0.325,274.58648224106975,48.17528026521791,0.5355
144,data/robustness_samples/sample_103/search_image.png,data/robustness_samples/sample_103/reference_image.png,58.8975,481.8401,-1.7976,5.03,0.7876,0.3318,59.25574751507129,482.1540704483176,0.4763
145,data/robustness_samples/sample_104/search_image.png,data/robustness_samples/sample_104/reference_image.png,372.6668,40.3124,2.3738,4.915,0.8136,0.3178,372.9861488107613,40.61583296228014,0.4405
146,data/robustness_samples/sample_105/search_image.png,data/robustness_samples/sample_105/reference_image.png,457.7457,128.8547,-0.9524,5.075,0.8454,0.3192,458.14992264965457,129.2051584018511,0.535
147,data/robustness_samples/sample_106/search_image.png,data/robustness_samples/sample_106/reference_image.png,331.0471,188.0658,-0.619,5.03,0.7984,0.3163,331.3261265738548,188.29592460012486,0.3616
148,data/robustness_samples/sample_107/search_image.png,data/robustness_samples/sample_107/reference_image.png,190.5873,206.9695,-1.1262,4.9175,0.8313,0.3353,190.9292369679155,207.16448472549192,0.3936
149,data/robustness_samples/sample_108/search_image.png,data/robustness_samples/sample_108/reference_image.png,410.0446,281.0827,-0.6905,5.145,0.9109,0.3238,410.43087379339494,281.4226385672558,0.5145
150,data/robustness_samples/sample_109/search_image.png,data/robustness_samples/sample_109/reference_image.png,401.7932,40.3234,-0.0548,5.15,0.8246,0.325,402.2577696432856,40.735260594695276,0.6208
151,data/robustness_samples/sample_110/search_image.png,data/robustness_samples/sample_110/reference_image.png,346.8402,247.2897,3.0429,5.0325,0.8433,0.3247,347.13593214918853,247.93010858692952,0.7054
152,data/robustness_samples/sample_111/search_image.png,data/robustness_samples/sample_111/reference_image.png,55.1256,386.0251,-1.3095,5.0075,0.8524,0.3191,55.83646922226321,386.507735078011,0.8592
153,data/robustness_samples/sample_112/search_image.png,data/robustness_samples/sample_112/reference_image.png,66.4812,68.0165,-1.4476,4.8975,0.8835,0.3272,66.88150191939326,68.39190560180032,0.5488
154,data/robustness_samples/sample_113/search_image.png,data/robustness_samples/sample_113/reference_image.png,168.4581,409.5407,0.3024,5.0925,0.8853,0.3268,168.7873303861157,409.9940219058252,0.5603
155,data/robustness_samples/sample_114/search_image.png,data/robustness_samples/sample_114/reference_image.png,411.4655,115.4828,-2.7214,4.9825,0.9227,0.3283,411.97547190610766,116.15405825227299,0.843
156,data/robustness_samples/sample_115/search_image.png,data/robustness_samples/sample_115/reference_image.png,376.6955,309.6532,-1.3524,5.02,0.8515,0.3175,377.1224816785089,310.1004121013761,0.6183
157,data/robustness_samples/sample_116/search_image.png,data/robustness_samples/sample_116/reference_image.png,125.8783,279.7253,1.8167,5.1613,0.8494,0.3173,126.25524436497012,280.05723040426994,0.5022
158,data/robustness_samples/sample_117/search_image.png,data/robustness_samples/sample_117/reference_image.png,126.4566,112.7909,-2.0595,5.11,0.8088,0.3204,126.69360383959247,113.2376971447823,0.5058
159,data/robustness_samples/sample_118/search_image.png,data/robustness_samples/sample_118/reference_image.png,31.5266,286.87,-0.0405,5.0925,0.8517,0.3274,31.976106359208416,287.1239337829851,0.5162
160,data/robustness_samples/sample_119/search_image.png,data/robustness_samples/sample_119/reference_image.png,326.2642,25.5,2.381,4.9,0.8924,0.3298,326.6881245651849,25.627522554959523,0.4427
161,data/robustness_samples/sample_120/search_image.png,data/robustness_samples/sample_120/reference_image.png,198.509,300.5353,2.5833,5.1075,0.8298,0.3314,198.92889566908192,300.9410026156887,0.5839
162,data/robustness_samples/sample_121/search_image.png,data/robustness_samples/sample_121/reference_image.png,189.7115,101.3632,1.3929,5.1,0.8258,0.3263,463.06684822359574,413.72063121112814,415.0787
163,data/robustness_samples/sample_122/search_image.png,data/robustness_samples/sample_122/reference_image.png,296.2985,405.3448,0.6905,5.075,0.8773,0.3199,296.66425027453397,405.8407369720015,0.6162
164,data/robustness_samples/sample_123/search_image.png,data/robustness_samples/sample_123/reference_image.png,455.5079,56.081,-1.75,4.96,0.893,0.3233,455.800113808642,56.46470547060685,0.4823
165,data/robustness_samples/sample_124/search_image.png,data/robustness_samples/sample_124/reference_image.png,397.2176,441.5486,-0.619,5.12,0.8538,0.3194,397.7970591818478,441.6986491785798,0.5986
166,data/robustness_samples/sample_125/search_image.png,data/robustness_samples/sample_125/reference_image.png,483.1053,262.0227,-0.0595,4.9325,0.9092,0.3202,483.52232876712094,262.51483417227985,0.6451
167,data/robustness_samples/sample_126/search_image.png,data/robustness_samples/sample_126/reference_image.png,35.7198,393.1034,-0.9,4.8875,0.9321,0.3235,36.12386436585384,393.54040272967165,0.5952
168,data/robustness_samples/sample_127/search_image.png,data/robustness_samples/sample_127/reference_image.png,460.9619,224.2793,-2.9345,4.905,0.8572,0.3331,461.4213210124972,224.66179258901303,0.5978
169,data/robustness_samples/sample_128/search_image.png,data/robustness_samples/sample_128/reference_image.png,182.1973,149.763,-1.0167,5.09,0.8608,0.3208,182.65629802339313,150.0184211930855,0.5253
170,data/robustness_samples/sample_129/search_image.png,data/robustness_samples/sample_129/reference_image.png,123.9887,320.3814,-0.25,5.135,0.9221,0.3633,124.35770834829131,320.81879778314607,0.5723
171,data/robustness_samples/sample_130/search_image.png,data/robustness_samples/sample_130/reference_image.png,396.6403,460.9405,0.0167,5.0425,0.8355,0.3219,397.0010077617417,461.39931405115897,0.5837
172,data/robustness_samples/sample_131/search_image.png,data/robustness_samples/sample_131/reference_image.png,416.8791,371.349,-0.2262,4.8875,0.8518,0.3321,417.2455828513017,371.75528682688116,0.5471
173,data/robustness_samples/sample_132/search_image.png,data/robustness_samples/sample_132/reference_image.png,206.9591,109.7489,1.2571,4.9525,0.8285,0.3204,207.39596636370302,110.08413212800447,0.5507
174,data/robustness_samples/sample_133/search_image.png,data/robustness_samples/sample_133/reference_image.png,35.616,133.9137,2.131,5.06,0.9191,0.3247,36.023740362077476,134.2655446391479,0.5386
175,data/robustness_samples/sample_134/search_image.png,data/robustness_samples/sample_134/reference_image.png,231.1318,362.8458,1.8262,5.1,0.8811,0.3202,231.57850844187823,363.0404207387425,0.4872
176,data/robustness_samples/sample_135/search_image.png,data/robustness_samples/sample_135/reference_image.png,421.5297,283.1121,-1.8738,4.9725,0.8686,0.3203,421.93873295179185,283.3858503440567,0.4922
177,data/robustness_samples/sample_136/search_image.png,data/robustness_samples/sample_136/reference_image.png,66.0281,376.593,2.2024,4.875,0.7679,0.3232,66.43134664500425,377.01122292388345,0.5809
178,data/robustness_samples/sample_137/search_image.png,data/robustness_samples/sample_137/reference_image.png,372.6589,123.1862,1.7071,4.9475,0.859,0.3198,372.9411096166483,123.57761272133226,0.4825
179,data/robustness_samples/sample_138/search_image.png,data/robustness_samples/sample_138/reference_image.png,149.3779,222.9423,-1.2024,4.93,0.8504,0.3221,149.8418737507941,223.3535657520046,0.62
180,data/robustness_samples/sample_139/search_image.png,data/robustness_samples/sample_139/reference_image.png,118.1437,120.7846,-2.5357,4.9025,0.9211,0.3213,118.4815523875692,121.08470330676403,0.4519
181,data/robustness_samples/sample_140/search_image.png,data/robustness_samples/sample_140/reference_image.png,457.5941,345.2425,2.7143,5.0125,0.783,0.3214,458.0506314370297,345.5676848651725,0.5605
182,data/robustness_samples/sample_141/search_image.png,data/robustness_samples/sample_141/reference_image.png,43.4486,197.1951,-2.2143,4.99,0.883,0.3231,43.91011525075696,197.6259051084776,0.6313
183,data/robustness_samples/sample_142/search_image.png,data/robustness_samples/sample_142/reference_image.png,229.1268,399.653,-3.0048,4.92,0.797,0.3286,229.5171773735977,399.9227332051243,0.4745
184,data/robustness_samples/sample_143/search_image.png,data/robustness_samples/sample_143/reference_image.png,280.0488,159.8486,0.1476,5.09,0.8285,0.3236,280.5001435586091,160.1443398315596,0.5396
185,data/robustness_samples/sample_144/search_image.png,data/robustness_samples/sample_144/reference_image.png,210.719,446.9611,2.9345,4.92,0.8637,0.3235,210.97461611555255,447.5009894198532,0.5973
186,data/robustness_samples/sample_145/search_image.png,data/robustness_samples/sample_145/reference_image.png,170.2743,460.0744,-0.5524,5.0775,0.8221,0.3221,170.71715171042024,460.18334795220454,0.456
187,data/robustness_samples/sample_146/search_image.png,data/robustness_samples/sample_146/reference_image.png,40.7817,282.0241,-2.7095,5.1138,0.8221,0.3215,40.959258806010894,282.48892295458097,0.4976
188,data/robustness_samples/sample_147/search_image.png,data/robustness_samples/sample_147/reference_image.png,35.1772,217.2867,2.3286,5.045,0.858,0.3205,35.65770192196042,217.79502198487745,0.6995
189,data/robustness_samples/sample_148/search_image.png,data/robustness_samples/sample_148/reference_image.png,468.2701,200.0138,1.1833,5.12,0.8612,0.3206,468.70314081148763,200.44438523656248,0.6107
190,data/robustness_samples/sample_149/search_image.png,data/robustness_samples/sample_149/reference_image.png,433.7853,143.9814,-3.0429,5.075,0.8357,0.3197,434.2095479378622,144.3631385154264,0.5707
191,data/robustness_samples/sample_150/search_image.png,data/robustness_samples/sample_150/reference_image.png,280.5471,363.6387,-0.1167,5.1225,0.896,0.3203,280.8318894756314,363.9347141514437,0.4108
192,data/robustness_samples/sample_151/search_image.png,data/robustness_samples/sample_151/reference_image.png,150.0459,84.5359,1.3095,4.98,0.9253,0.3187,150.5405975871778,84.78200014801924,0.5525
193,data/robustness_samples/sample_152/search_image.png,data/robustness_samples/sample_152/reference_image.png,228.5339,245.4834,2.4333,5.0675,0.9109,0.3182,229.07830409940206,245.77488040364992,0.6176
194,data/robustness_samples/sample_153/search_image.png,data/robustness_samples/sample_153/reference_image.png,288.2271,143.4917,-1.4524,5.005,0.899,0.3297,288.7442061198602,143.8079306713633,0.6061
195,data/robustness_samples/sample_154/search_image.png,data/robustness_samples/sample_154/reference_image.png,476.3878,469.3329,0.8929,4.93,0.8885,0.3236,476.74386943360014,469.72264222653195,0.5279
196,data/robustness_samples/sample_155/search_image.png,data/robustness_samples/sample_155/reference_image.png,460.9582,421.9407,-2.5,5.095,0.8793,0.321,461.30739842131624,422.334479526635,0.5263
197,data/robustness_samples/sample_156/search_image.png,data/robustness_samples/sample_156/reference_image.png,118.2054,407.9666,-2.8571,4.8875,0.881,0.3362,118.62970039160295,408.2803656165423,0.5277
198,data/robustness_samples/sample_157/search_image.png,data/robustness_samples/sample_157/reference_image.png,128.087,339.0223,1.7738,4.995,0.7309,0.3198,128.41515894316422,339.4879894224111,0.5697
199,data/robustness_samples/sample_158/search_image.png,data/robustness_samples/sample_158/reference_image.png,203.4551,385.3589,2.6917,4.9975,0.852,0.3205,203.7652158709876,385.6914792864873,0.4548
200,data/robustness_samples/sample_159/search_image.png,data/robustness_samples/sample_159/reference_image.png,438.4438,269.576,-1.031,5.0,0.9242,0.3151,438.8931307054695,270.1468332397545,0.7264
201,data/robustness_samples/sample_160/search_image.png,data/robustness_samples/sample_160/reference_image.png,224.5828,264.4941,-1.8976,4.98,0.8646,0.3139,224.9509717064233,265.00381325687187,0.6287
202,data/robustness_samples/sample_161/search_image.png,data/robustness_samples/sample_161/reference_image.png,331.2729,98.2469,-1.5595,4.8875,0.8179,0.3209,331.7905710661449,98.62060713924697,0.6385
203,data/robustness_samples/sample_162/search_image.png,data/robustness_samples/sample_162/reference_image.png,485.0246,283.816,-0.0643,5.04,0.8581,0.3312,485.3701496375761,284.12548093934674,0.4639
204,data/robustness_samples/sample_163/search_image.png,data/robustness_samples/sample_163/reference_image.png,210.3996,264.1609,-0.1167,5.1225,0.8666,0.3201,210.90804954472773,264.8734558408872,0.8753
205,data/robustness_samples/sample_164/search_image.png,data/robustness_samples/sample_164/reference_image.png,269.2036,355.1776,-0.25,4.965,0.8353,0.3227,269.655879871652,355.662082593214,0.6628
206,data/robustness_samples/sample_165/search_image.png,data/robustness_samples/sample_165/reference_image.png,125.2585,435.3351,1.5,5.1075,0.8736,0.3187,125.68059913675692,435.6945832853119,0.5544
207,data/robustness_samples/sample_166/search_image.png,data/robustness_samples/sample_166/reference_image.png,320.3781,54.9549,0.6548,4.9625,0.8561,0.3208,319.6590602565964,375.1393772988683,320.1853
208,data/robustness_samples/sample_167/search_image.png,data/robustness_samples/sample_167/reference_image.png,281.5933,375.3399,1.5357,5.035,0.8278,0.3224,282.123542192503,375.74719620410116,0.6686
209,data/robustness_samples/sample_168/search_image.png,data/robustness_samples/sample_168/reference_image.png,84.9466,151.3526,-2.5833,4.8575,0.8173,0.3155,85.46181159935477,151.79752703290458,0.6807
210,data/robustness_samples/sample_169/search_image.png,data/robustness_samples/sample_169/reference_image.png,445.6316,304.6039,-1.869,5.035,0.8214,0.3238,446.114055382723,305.0338790174584,0.6463
211,data/robustness_samples/sample_170/search_image.png,data/robustness_samples/sample_170/reference_image.png,184.9474,94.762,1.7429,5.0375,0.8118,0.3181,185.2822001427795,94.75571510426334,0.3349
212,data/robustness_samples/sample_171/search_image.png,data/robustness_samples/sample_171/reference_image.png,73.8634,177.7283,-2.4881,4.8275,0.8712,0.3179,74.21342062882741,178.0964329487696,0.5079
213,data/robustness_samples/sample_172/search_image.png,data/robustness_samples/sample_172/reference_image.png,126.3035,109.7421,2.7833,4.915,0.845,0.3167,126.55777838746216,110.08874890930933,0.4299
214,data/robustness_samples/sample_173/search_image.png,data/robustness_samples/sample_173/reference_image.png,141.746,363.6285,2.7571,5.1075,0.9186,0.316,142.20360391032145,364.06451160876287,0.632
215,data/robustness_samples/sample_174/search_image.png,data/robustness_samples/sample_174/reference_image.png,95.0795,106.1898,-0.0405,4.9475,0.8904,0.3219,95.44694667638933,106.60199863841862,0.5522
216,data/robustness_samples/sample_175/search_image.png,data/robustness_samples/sample_175/reference_image.png,121.6365,424.8135,-2.8143,5.09,0.8508,0.3161,122.0970130410871,425.27038792171254,0.6487
217,data/robustness_samples/sample_176/search_image.png,data/robustness_samples/sample_176/reference_image.png,256.2909,206.2855,-2.1476,5.1475,0.7803,0.3166,256.6066073303161,206.74929447096497,0.5611
218,data/robustness_samples/sample_177/search_image.png,data/robustness_samples/sample_177/reference_image.png,215.5842,358.3515,-2.6143,5.0325,0.8493,0.3203,216.05842355018677,358.78774079281175,0.6444
219,data/robustness_samples/sample_178/search_image.png,data/robustness_samples/sample_178/reference_image.png,443.936,381.7747,1.8929,4.8725,0.9038,0.3547,444.3746746847584,382.14700482754716,0.5754
220,data/robustness_samples/sample_179/search_image.png,data/robustness_samples/sample_179/reference_image.png,459.4474,58.3808,-1.8095,4.845,0.8459,0.3263,459.84451803396206,58.675881847016264,0.4948
221,data/robustness_samples/sample_180/search_image.png,data/robustness_samples/sample_180/reference_image.png,200.3794,90.2521,-1.0476,4.945,0.8329,0.3217,200.77377641686832,90.43006939591805,0.4327
222,data/robustness_samples/sample_181/search_image.png,data/robustness_samples/sample_181/reference_image.png,123.2048,393.499,2.0476,5.0,0.8943,0.3183,123.41488560032253,393.8381513921126,0.399
223,data/robustness_samples/sample_182/search_image.png,data/robustness_samples/sample_182/reference_image.png,300.8891,436.9499,2.3571,5.09,0.9016,0.3172,301.2722753390027,437.34603657301403,0.5511
224,data/robustness_samples/sample_183/search_image.png,data/robustness_samples/sample_183/reference_image.png,153.5415,236.952,-0.1429,5.12,0.8691,0.3165,153.82257580075958,237.4006299007505,0.5294
225,data/robustness_samples/sample_184/search_image.png,data/robustness_samples/sample_184/reference_image.png,131.5035,380.4167,-2.7143,5.0325,0.9222,0.322,131.95692261729255,380.67154723654687,0.5201
226,data/robustness_samples/sample_185/search_image.png,data/robustness_samples/sample_185/reference_image.png,84.7462,430.0575,-2.0595,4.9025,0.8528,0.3199,85.00069065333749,430.41120448378786,0.4357
227,data/robustness_samples/sample_186/search_image.png,data/robustness_samples/sample_186/reference_image.png,202.5071,340.3384,-1.7381,4.9675,0.7883,0.3166,203.09285843299602,340.6189837819114,0.6495
228,data/robustness_samples/sample_187/search_image.png,data/robustness_samples/sample_187/reference_image.png,196.2149,205.5557,1.3095,5.1,0.8526,0.3189,196.6440056013746,205.92872037490787,0.5686
229,data/robustness_samples/sample_188/search_image.png,data/robustness_samples/sample_188/reference_image.png,343.169,114.4444,0.7976,4.925,0.8386,0.3195,343.5562864893459,114.77863140256582,0.5116
230,data/robustness_samples/sample_189/search_image.png,data/robustness_samples/sample_189/reference_image.png,216.9451,450.4695,2.0357,4.975,0.8799,0.3191,217.3397640784728,450.85696661253024,0.553
231,data/robustness_samples/sample_190/search_image.png,data/robustness_samples/sample_190/reference_image.png,92.3288,466.0685,0.5357,5.1025,0.8729,0.316,92.89343508663069,466.4644310866162,0.6896
232,data/robustness_samples/sample_191/search_image.png,data/robustness_samples/sample_191/reference_image.png,308.878,456.0297,-1.3167,5.0,0.8622,0.3166,309.3619708145462,456.53046560544163,0.6964
233,data/robustness_samples/sample_192/search_image.png,data/robustness_samples/sample_192/reference_image.png,112.1746,189.2078,-2.6667,5.0625,0.7672,0.3201,112.55847578104931,189.54900174198337,0.5136
234,data/robustness_samples/sample_193/search_image.png,data/robustness_samples/sample_193/reference_image.png,56.3946,426.6089,-0.9167,5.025,0.9034,0.3177,56.58912424903376,426.96713736821994,0.4076
235,data/robustness_samples/sample_194/search_image.png,data/robustness_samples/sample_194/reference_image.png,53.7468,290.4202,-1.031,4.925,0.7895,0.326,54.32778022780358,290.5889613290112,0.605
236,data/robustness_samples/sample_195/search_image.png,data/robustness_samples/sample_195/reference_image.png,107.4697,429.6856,1.0976,5.005,0.7659,0.3162,107.7131577173152,430.30323597427616,0.6639
237,data/robustness_samples/sample_196/search_image.png,data/robustness_samples/sample_196/reference_image.png,433.6012,415.3752,-0.8095,4.945,0.8861,0.3273,433.86140186508237,415.9049408389982,0.5902
238,data/robustness_samples/sample_197/search_image.png,data/robustness_samples/sample_197/reference_image.png,131.5526,235.5673,0.9881,4.98,0.8916,0.3228,132.05984945106252,236.23202562777084,0.8362
239,data/robustness_samples/sample_198/search_image.png,data/robustness_samples/sample_198/reference_image.png,418.1441,400.2033,0.4405,4.9775,0.8247,0.3206,418.6100959600282,400.5974542960399,0.6104
240,data/robustness_samples/sample_199/search_image.png,data/robustness_samples/sample_199/reference_image.png,345.6854,141.2282,2.8571,5.0775,0.8968,0.3184,346.0084102366725,141.54570395000405,0.4529
